CAM070350_Mechanitis_lysimnia	M. lysimnia
CAM070352_Mechanitis_lysimnia	M. lysimnia
CAM070355_Mechanitis_lysimnia	M. lysimnia
CAM070416_Mechanitis_lysimnia	M. lysimnia
CAM070927_Mechanitis_lysimnia	M. lysimnia
CAM070994_Mechanitis_lysimnia	M. lysimnia
CAM071022_Mechanitis_lysimnia	M. lysimnia
CAM071057_Mechanitis_lysimnia	M. lysimnia
CAM071058_Mechanitis_lysimnia	M. lysimnia
CAM071236_Mechanitis_lysimnia	M. lysimnia
CAM074654_Mechanitis_lysimnia	M. lysimnia
CAM074865_Mechanitis_lysimnia	M. lysimnia
CAM074866_Mechanitis_lysimnia	M. lysimnia
CAM074867_Mechanitis_lysimnia	M. lysimnia
CAM074868_Mechanitis_lysimnia	M. lysimnia
CAM074869_Mechanitis_lysimnia	M. lysimnia
CAM074870_Mechanitis_lysimnia	M. lysimnia
CAM028192_Mechanitis_lysimnia	M. lysimnia
CAM028197_Mechanitis_lysimnia	M. lysimnia
Eli_20338_Mechanitis_lysimnia	M. lysimnia
Eli_20367_Mechanitis_lysimnia	M. lysimnia
Eli_20547_Mechanitis_lysimnia	M. lysimnia
CAM028186_Mechanitis_polymnia	M. polymnia
CAM028191_Mechanitis_polymnia	M. polymnia
CAM028274_Mechanitis_polymnia	M. polymnia
CAM028276_Mechanitis_polymnia	M. polymnia
CAM028331_Mechanitis_polymnia	M. polymnia
CAM070249_Mechanitis_polymnia	M. polymnia
CAM070258_Mechanitis_polymnia	M. polymnia
CAM070297_Mechanitis_polymnia	M. polymnia
CAM070298_Mechanitis_polymnia	M. polymnia
CAM070340_Mechanitis_polymnia	M. polymnia
CAM070341_Mechanitis_polymnia	M. polymnia
CAM070342_Mechanitis_polymnia	M. polymnia
CAM070343_Mechanitis_polymnia	M. polymnia
CAM070344_Mechanitis_polymnia	M. polymnia
CAM070346_Mechanitis_polymnia	M. polymnia
CAM070347_Mechanitis_polymnia	M. polymnia
CAM070348_Mechanitis_polymnia	M. polymnia
CAM070351_Mechanitis_polymnia	M. polymnia
CAM070353_Mechanitis_polymnia	M. polymnia
CAM070354_Mechanitis_polymnia	M. polymnia
CAM070356_Mechanitis_polymnia	M. polymnia
CAM070357_Mechanitis_polymnia	M. polymnia
CAM070360_Mechanitis_polymnia	M. polymnia
CAM070361_Mechanitis_polymnia	M. polymnia
CAM070364_Mechanitis_polymnia	M. polymnia
CAM070365_Mechanitis_polymnia	M. polymnia
CAM070367_Mechanitis_polymnia	M. polymnia
CAM070432_Mechanitis_polymnia	M. polymnia
CAM070434_Mechanitis_polymnia	M. polymnia
CAM070973_Mechanitis_polymnia	M. polymnia
CAM070977_Mechanitis_polymnia	M. polymnia
CAM070978_Mechanitis_polymnia	M. polymnia
CAM070981_Mechanitis_polymnia	M. polymnia
CAM070996_Mechanitis_polymnia	M. polymnia
CAM071018_Mechanitis_polymnia	M. polymnia
CAM071049_Mechanitis_polymnia	M. polymnia
CAM071076_Mechanitis_polymnia	M. polymnia
CAM071102_Mechanitis_polymnia	M. polymnia
CAM071154_Mechanitis_polymnia	M. polymnia
CAM071187_Mechanitis_polymnia	M. polymnia
CAM071188_Mechanitis_polymnia	M. polymnia
CAM071190_Mechanitis_polymnia	M. polymnia
CAM071237_Mechanitis_polymnia	M. polymnia
CAM071238_Mechanitis_polymnia	M. polymnia
CAM071241_Mechanitis_polymnia	M. polymnia
CAM071242_Mechanitis_polymnia	M. polymnia
CAM071243_Mechanitis_polymnia	M. polymnia
CAM071250_Mechanitis_polymnia	M. polymnia
CAM071264_Mechanitis_polymnia	M. polymnia
CAM071265_Mechanitis_polymnia	M. polymnia
CAM071266_Mechanitis_polymnia	M. polymnia
CAM071271_Mechanitis_polymnia	M. polymnia
CAM071275_Mechanitis_polymnia	M. polymnia
CAM071277_Mechanitis_polymnia	M. polymnia
CAM071521_Mechanitis_polymnia	M. polymnia
CAM073305_Mechanitis_polymnia	M. polymnia
CAM073309_Mechanitis_polymnia	M. polymnia
CAM073321_Mechanitis_polymnia	M. polymnia
CAM073818_Mechanitis_polymnia	M. polymnia
CAM074653_Mechanitis_polymnia	M. polymnia
CAM074871_Mechanitis_polymnia	M. polymnia
CAM074872_Mechanitis_polymnia	M. polymnia
CAM074873_Mechanitis_polymnia	M. polymnia
CAM074874_Mechanitis_polymnia	M. polymnia
CAM074875_Mechanitis_polymnia	M. polymnia
CAM074876_Mechanitis_polymnia	M. polymnia
CAM074877_Mechanitis_polymnia	M. polymnia
CAM077017-t_Mechanitis_polymnia	M. polymnia
CAM077018-t_Mechanitis_polymnia	M. polymnia
CAM077036-t_Mechanitis_polymnia	M. polymnia
CAM077064-t_Mechanitis_polymnia	M. polymnia
CAM077065-t_Mechanitis_polymnia	M. polymnia
CAM077085-t_Mechanitis_polymnia	M. polymnia
CAM077086-t_Mechanitis_polymnia	M. polymnia
CAM077087-t_Mechanitis_polymnia	M. polymnia
Eli_20339_Mechanitis_polymnia	M. polymnia
Eli_20340_Mechanitis_polymnia	M. polymnia
Eli_20728_Mechanitis_polymnia	M. polymnia
Eli_21673_Mechanitis_polymnia	M. polymnia
Eli_21677_Mechanitis_polymnia	M. polymnia
Sal_1313_Mechanitis_polymnia	M. polymnia
Sal_1374_Mechanitis_polymnia	M. polymnia
Sal_1413_Mechanitis_polymnia	M. polymnia
Sal_1416_Mechanitis_polymnia	M. polymnia
Sal_4944_Mechanitis_polymnia	M. polymnia
